{
  "playlist_info": {
    "id": "PLyLLcCaRflgBYaFrnqJ1QQ0paXO2xEf8Q",
    "title": "Best of AutoCAD Architecture",
    "uploader": "TD Vision U",
    "description": "AutoCAD Architecture fast forward.",
    "video_count": 6,
    "url": "https://www.youtube.com/playlist?list=PLyLLcCaRflgBYaFrnqJ1QQ0paXO2xEf8Q",
    "extraction_timestamp": "2025-07-11T12:14:06.645841",
    "video_ids": [
      "FksgoDcITK4",
      "YraODzwAmYs",
      "T7nO95Hs2fE",
      "G4e5qWRGt_w",
      "z-mJg8ifs_M",
      "9mz0sIXsWpg"
    ]
  },
  "selected_range": {
    "start": 4,
    "end": 4
  },
  "total_videos": 6,
  "selected_videos": 1,
  "extraction_timestamp": "2025-07-11T12:14:06.649899"
}