{
  "video_id": "T7nO95Hs2fE",
  "title": "2 STORY HOUSE in AutoCAD Architecture 2023 (Timelapse)",
  "description": "🎓3D Modeling With AutoCAD Architecture course: \nhttps://learn.tdvisionuniversity.com/courses/3d-autocad-architecture-beginners-intermediate-course\n🎓Views, Annotations and Sheets with AutoCAD Architecture course: https://learn.tdvisionuniversity.com/courses/views-annotations-with-autocad-architecture\n\n---\n\nI hope you enjoy this time-lapse video! \n\n⭐Download this entire project file (all AutoCAD Architecture files):\nhttps://tdvisionuniversity.com/store/p/4-bedroom-house-project-files\n\n⭐Download this house DWFX file here\nhttps://tdvisionuniversity.com/store/p/4-bedroom-house-dwfx-file\n\nThank you all for watching and sharing. \nGive it a like, and subscribe! Oh...drop a camment too!\n\nGod bless you all!\n\nCheck out part 2 of this timelapse here: \nhttps://youtu.be/G4e5qWRGt_w\n\n---\n\nGIVEAWAY: HOW TO ENTER  ***(ended)***\n\nThis giveaway is in no way, shape or form, sponsored by YouTube or any other company. This is me giving you something that I personally worked on.\n\n***IT'S FREE TO ENTER***\n\nInstructions:\n(you must do all three to be illegible)\n1. Subscribe to my YouTube channel - TD Vision\n2. Why should you win this project? Comment below.\n3. Add to your comment #giveaway #tdvision\n\nWinners will be announced in the comment section of this video. See you at 1000 Subscribers!\n\n---\n\n⭐ Join this channel to get access to perks:\nhttps://www.youtube.com/channel/UC4Pjm4B8uD6XQJhvkPu6ETA/join\n\n⭐ Or join my Patreon Page:\nhttps://www.patreon.com/tdvision\n\n---\n\n#4BedroomHouse #AutoCAD #Architecture \n\n---\n\nGEARS I USE:\nhttps://kit.co/TDVisionU\n\nFOLLOW ME ON SOCIAL MEDIA:\nhttps://linktr.ee/tdvisionu\n\nCREDITS:\nMusic: Youtube Audio Library (free audio)",
  "uploader": "TD Vision U",
  "upload_date": "20201003",
  "duration": 1344,
  "view_count": 46369,
  "like_count": 567,
  "comment_count": 70,
  "thumbnail": "https://i.ytimg.com/vi/T7nO95Hs2fE/maxresdefault.jpg",
  "url": "https://www.youtube.com/watch?v=T7nO95Hs2fE",
  "extraction_date": "2025-07-11T12:17:54.748609",
  "extractor_version": "3.0.0",
  "proxy_used": null
}