[
  {
    "index": 0,
    "text": "[Music]\nforeign\nforeign\n[Music]\n[Music]\nbroken\nagain\n[Music]\nforeign\n[Music]\n[Applause]\n[Music]\nforeign\n[Music]\n[Music]\n[Music]\nI'm just getting something\n[Music]\nforeign\n[Music]\nplease\n[Music]\nforeign\n[Music]\n[Applause]\n[Music]\n[Music]\n[Music]\nthank you\nforeign\n[Music]\n[Music]\n[Music]\n[Music]\nforeign\n[Music]\nforeign\n[Music]\n[Music]\n[Music]\nforeign\n[Applause]\n[Music]\n[Applause]\n[Music]\nforeign\n[Music]\n[Music]\nthank you\nforeign\n[Music]\nforeign\n[Music]\n[Applause]\n[Music]\n[Applause]\n[Music]\nthank you\n[Music]\nI like to be educated but I'm so\nfrustrated hello to my loneliness is\n[Music]\nI wish I knew\n[Music]\nforeign\n[Music]\nforeign\n[Applause]\n[Music]\n[Applause]\n[Music]\nforeign\n[Music]\n[Music]\nthank you\nforeign\n[Music]\nbaby you'll get me\n[Music]\ndon't leave me alone\n[Music]\nI overthink it baby\n[Music]\nbaby you'll kill me\nliving between\n[Music]\nbut I don't wanna miss you baby\n[Music]\nfly\n[Music]\nbaby\n[Music]\nmaybe you'll get me\n[Music]\ndon't leave me\n[Music]\n[Applause]\n[Music]\n[Applause]\noh\n[",
    "start_char": 0,
    "end_char": 1000,
    "char_count": 1000,
    "word_count": 147,
    "metadata": {
      "chunk_size": 1000,
      "overlap": 200
    }
  },
  {
    "index": 1,
    "text": "Music]\nbaby you'll kill me\nliving between\n[Music]\nbut I don't wanna miss you baby\n[Music]\nfly\n[Music]\nbaby\n[Music]\nmaybe you'll get me\n[Music]\ndon't leave me\n[Music]\n[Applause]\n[Music]\n[Applause]\noh\n[Music]\nforeign\n[Music]\n[Music]\nforeign\n[Music]\n[Music]\nforeign\n[Music]\n[Applause]\n[Music]\n[Applause]\n[Music]\nforeign\n[Music]\n[Music]\n[Applause]\n[Music]\nforeign\n[Music]\n[Laughter]\n[Music]\nforeign\n[Music]\n[Music]\n[Applause]\n[Music]\nforeign\n[Music]\n[Music]\n[Applause]\n[Music]\nforeign\n[Music]\n[Music]\nforeign\n[Music]\n[Applause]\n[Music]\n[Applause]\n[Music]\nforeign\n[Music]\n[Music]\n[Applause]\n[Music]\nforeign\n[Music]\n[Laughter]\n[Music]",
    "start_char": 800,
    "end_char": 1800,
    "char_count": 628,
    "word_count": 83,
    "metadata": {
      "chunk_size": 1000,
      "overlap": 200
    }
  }
]