{
  "video_id": "dW01WAGco-Y",
  "title": "GRIDLINES (Column Grids) in AutoCAD Architecture 2023",
  "description": "🚨ALERT🚨 Architectural Drafting Course | for Beginners from zero-hero | partnering with CourseCareer \nhttps://coursecareers.com/a/TDVisionU?course=construction-drafting\n🎓3D Modeling With AutoCAD Architecture course: \nhttps://learn.tdvisionuniversity.com/courses/3d-autocad-architecture-beginners-intermediate-course\n🎓Views, Annotations and Sheets with AutoCAD Architecture course: https://learn.tdvisionuniversity.com/courses/views-annotations-with-autocad-architecture\n\n---\n\nThis is episode 03 of the One Bedroom House series, showing you how to draw a small house \"From Start To Finish\". My hope is that you will learn the fundamentals so that you can apply them to your own projects.\n\nIn this video, I will be showing how to layout column grids for your projects. It's pretty simple. I hope that you learn something from today's video.\n\nThank you all for watching and sharing. \nGive it a like, and subscribe! Oh...drop a comment too!\n\nTIMELINE CONTENT\n0:00 - Intro\n2:05 - AutoCAD Tutorial\n18:10 - The End\n\n---\n***RESOURSES***\n\n🔶 Join this channel to get access to perks:\nhttps://www.youtube.com/channel/UC4Pjm4B8uD6XQJhvkPu6ETA/join\n\n🔶 Or join my Patreon Page:\nhttps://www.patreon.com/tdvision\n\n🏅 Best AutoCAD Architecture Playlist on the internet\nhttps://www.youtube.com/playlist?list=PLyLLcCaRflgCTuP493CZuUOFdMdh-a_jc\n\n⭐Download PDFs: One Bedroom House\nhttps://tdvisionuniversity.com/store/p/all-pdf-from-one-bedroom-house-series\n\n---\n\n#OneBedroomHouse #AutoCAD #Architecture \n\n---\n\nGEARS I USE:\nhttps://kit.co/TDVisionU\n\nFOLLOW ME ON SOCIAL MEDIA:\nhttps://linktr.ee/tdvisionu\n\nCREDITS:\nMusic: Youtube Audio Library (free audio)",
  "uploader": "TD Vision U",
  "upload_date": "20200324",
  "duration": 1129,
  "view_count": 192426,
  "like_count": 2384,
  "thumbnail": "https://i.ytimg.com/vi_webp/dW01WAGco-Y/maxresdefault.webp",
  "url": "https://www.youtube.com/watch?v=dW01WAGco-Y",
  "extraction_date": "2025-07-09T06:52:08.301268"
}