{
  "video_id": "z-mJg8ifs_M",
  "title": "WOODEN FRAME (Arbor) STRUCTURE in AutoCAD Architecture (Timelapse)",
  "description": "🎓3D Modeling With AutoCAD Architecture course: \nhttps://learn.tdvisionuniversity.com/courses/3d-autocad-architecture-beginners-intermediate-course\n🎓Views, Annotations and Sheets with AutoCAD Architecture course: https://learn.tdvisionuniversity.com/courses/views-annotations-with-autocad-architecture\n\n---\n\nThis is a timelapse video showing how I model a WOODEN FRAMED STRUCTURE (Arbor) in AutoCAD Architecture 2020 / 2021 / 2022 / 2023 / 2024. The strategies used in this video can be used to create various types of wooden structures in AutoCAD, including:\n\n • Pergolas (like the one in this video)\n • Roof framing\n • Trellis roofing\n • Gazebos\n • Canopies \n • Arbors\n • Slotted ceilings\n • Wooden beams\n • Etc.\n\n⚠Remember that you have the option to reduce the playback speed of this video.\n\nDownload this CAD file and other drawings from my Patreon page. The link is at the bottom of this page.\n\n⭐SCHEDULES (BOM, MTO) in AutoCAD Architecture\nhttps://youtu.be/NK1sSn7LVlE\n \n⭐WOODEN FRAME (Pergola) STRUCTURE in AutoCAD Architecture\n https://youtu.be/FkJU5CLQgaQ\n\n⭐3D Custom Columns in AutoCAD Architecture:\n https://youtu.be/BiLnNXcVY6c\n\n⭐Check out my AutoCAD Playlist:\nhttps://youtube.com/playlist?list=PLyLLcCaRflgCTuP493CZuUOFdMdh-a_jc\n\nThank you all for watching and sharing. \n\nDo me a favour - do one of the below...\nSubscribe / Share / Comment / Like\n\n---\n\n⭐ Join this channel to get access to perks:\nhttps://www.youtube.com/channel/UC4Pjm4B8uD6XQJhvkPu6ETA/join\n\n⭐ Or join my Patreon Page:\nhttps://www.patreon.com/tdvision\n\n---\n\n#Jamaican #AutoCAD #Architecture #CivilEngineering #Engineering #Construction #DIY #backyarddesign #carpentry #woodwork #woodworking\n\n---\n\nGEARS I USE:\nhttps://kit.co/TDVisionU\n\nMY SOCIALS:\nInstagram: https://www.instagram.com/edwardfos/\nTwitter: https://twitter.com/edward_fos\n\nCREDITS:\nMusic: YouTube Audio Library (free audio)",
  "uploader": "TD Vision U",
  "upload_date": "20210917",
  "duration": 557,
  "view_count": 6678,
  "like_count": 107,
  "comment_count": 5,
  "thumbnail": "https://i.ytimg.com/vi_webp/z-mJg8ifs_M/maxresdefault.webp",
  "url": "https://www.youtube.com/watch?v=z-mJg8ifs_M",
  "extraction_date": "2025-07-11T12:04:08.688800",
  "extractor_version": "3.0.0",
  "proxy_used": null
}