{
  "video_id": "ptkLzhg-l4Y",
  "title": "DETAILING Part 3 (Roof Framing Plan) in AutoCAD Architecture 2023",
  "description": "🎓3D Modeling With AutoCAD Architecture course: \nhttps://learn.tdvisionuniversity.com/courses/3d-autocad-architecture-beginners-intermediate-course\n🎓Views, Annotations and Sheets with AutoCAD Architecture course: https://learn.tdvisionuniversity.com/courses/views-annotations-with-autocad-architecture\n\n---\n\nThis is episode 19 of the one bedroom series (see link below for all episodes). In this video, I continued where we shopped on the roof plan by adding additional roof framing elements (such as rafters and fascia board) as well as annotation and details. \n\nI hope that you learn a thing or 3. Do me a favour - do one of the below...\n\nSubscribe / Share / Comment / Like\n\nTIMELINE CONTENT\n0:00 - Intro\n0:54 - Draw a Roof Framing Structure\n17:43 - Detailing a Roof Framing Plan \n28:47 - The End\n\n---\n\n***RESOURCES***\n\n⭐ See full playlist here\nhttps://youtube.com/playlist?list=PLyLLcCaRflgCTuP493CZuUOFdMdh-a_jc\n\n⭐Download PDFs: One Bedroom House\nhttps://tdvisionuniversity.com/store/p/all-pdf-from-one-bedroom-house-series\n\n⭐ Join this channel to get access to perks:\nhttps://www.youtube.com/channel/UC4Pjm4B8uD6XQJhvkPu6ETA/join\n\n⭐ Or join my Patreon Page:\nhttps://www.patreon.com/tdvision\n\n---\n\n#Jamaica #OneBedroomHouse #AutoCAD #Architecture \n\n---\n\nGEARS I USE:\nhttps://kit.co/TDVisionU\n\nFOLLOW ME ON SOCIAL MEDIA:\nhttps://linktr.ee/tdvisionu\n\nCREDITS:\nMusic: Youtube Audio Library (free audio)",
  "uploader": "TD Vision U",
  "upload_date": "20210109",
  "duration": 1780,
  "view_count": 97999,
  "like_count": 1564,
  "thumbnail": "https://i.ytimg.com/vi_webp/ptkLzhg-l4Y/maxresdefault.webp",
  "url": "https://www.youtube.com/watch?v=ptkLzhg-l4Y",
  "extraction_date": "2025-07-09T06:53:44.413021"
}