{
  "video_id": "ptkLzhg-l4Y",
  "folder_name": "DETAILING Part 3 (Ro",
  "title": "DETAILING Part 3 (Roof Framing Plan) in AutoCAD Architecture 2023",
  "duration": 1780,
  "has_transcript": false,
  "has_thumbnail": true,
  "extraction_date": "2025-07-09T06:53:44.573836",
  "files_created": {
    "metadata": "storage\\DETAILING Part 3 (Ro\\ptkLzhg-l4Y_metadata.json",
    "transcript": null,
    "text": null,
    "thumbnail": "storage\\DETAILING Part 3 (Ro\\ptkLzhg-l4Y_thumbnail.jpg"
  }
}