{
  "video_id": "omwB1ZyDqHA",
  "folder_name": "FOUNDATION PLAN (Str",
  "title": "FOUNDATION PLAN (Strip Foundation) in AutoCAD Architecture 2023",
  "duration": 1245,
  "has_transcript": false,
  "has_thumbnail": true,
  "extraction_date": "2025-07-09T06:52:32.228621",
  "files_created": {
    "metadata": "storage\\FOUNDATION PLAN (Str\\omwB1ZyDqHA_metadata.json",
    "transcript": null,
    "text": null,
    "thumbnail": "storage\\FOUNDATION PLAN (Str\\omwB1ZyDqHA_thumbnail.jpg"
  }
}