{
  "video_id": "zxixHN87-38",
  "folder_name": "DETAILING Part 7 - (",
  "title": "DETAILING Part 7 - (Detail Drawings) in AutoCAD Architecture 2023",
  "duration": 1662,
  "has_transcript": false,
  "has_thumbnail": true,
  "extraction_date": "2025-07-09T06:54:08.558704",
  "files_created": {
    "metadata": "storage\\DETAILING Part 7 - (\\zxixHN87-38_metadata.json",
    "transcript": null,
    "text": null,
    "thumbnail": "storage\\DETAILING Part 7 - (\\zxixHN87-38_thumbnail.jpg"
  }
}