{
  "video_id": "zxixHN87-38",
  "title": "DETAILING Part 7 - (Detail Drawings) in AutoCAD Architecture 2023",
  "description": "🎓3D Modeling With AutoCAD Architecture course: \nhttps://learn.tdvisionuniversity.com/courses/3d-autocad-architecture-beginners-intermediate-course\n🎓Views, Annotations and Sheets with AutoCAD Architecture course: https://learn.tdvisionuniversity.com/courses/views-annotations-with-autocad-architecture\n\n---\n\nEpisode 23- One Bedroom Series\n\nIn this video, I went through the steps on how to create, and fully annotate your detailed callouts/detailed views, in AutoCAD Architecture 2020 or 2021. I was able to complete the foundation footing, eave detail, ridge detail, column detail, trap gully basin detail, grease trap detail, and manhole detail, using mainly the Detail Component Manager library built into AutoCAD Architecture.\n\nI hope that you learn a thing or 3. Do me a flavour - try one of the below...\n\nSubscribe / Share / Comment / Like\n\nTIMELINE CONTENT\n0:00 - Intro\n2:39 - Eave, Beam & Lintel Detail\n17:13 - Foundation Footing Detail\n24:13 - Annotating Your Details\n26:33 - The End\n\n---\n\n***RESOURCES***\n\n⭐ See full playlist here (All Episodes)\nhttps://youtube.com/playlist?list=PLyLLcCaRflgCTuP493CZuUOFdMdh-a_jc\n\n⭐ PDFs: Details Drawing\nhttps://tdvisionuniversity.com/store/p/all-pdf-from-one-bedroom-house-series\n\n⭐ Join this channel to get access to perks:\nhttps://www.youtube.com/channel/UC4Pjm4B8uD6XQJhvkPu6ETA/join\n\n⭐ Or join my Patreon Page:\nhttps://www.patreon.com/tdvision\n\n---\n\n#Jamaica #OneBedroomHouse #AutoCAD #Architecture \n\n---\n\nGEARS I USE:\nhttps://kit.co/TDVisionU\n\nFOLLOW ME ON SOCIAL MEDIA:\nhttps://linktr.ee/tdvisionu\n\nCREDITS:\nMusic: Youtube Audio Library (free audio)",
  "uploader": "TD Vision U",
  "upload_date": "20210327",
  "duration": 1662,
  "view_count": 40733,
  "like_count": 660,
  "thumbnail": "https://i.ytimg.com/vi_webp/zxixHN87-38/maxresdefault.webp",
  "url": "https://www.youtube.com/watch?v=zxixHN87-38",
  "extraction_date": "2025-07-09T06:54:08.427650"
}