[
  {
    "index": 0,
    "text": "[Music]\nhello everyone welcome to another\nyoutube video\nas you can see already it's a different\ntype of video today i'm gonna be\ndropping my first\ntime-lapse video\n[Music]\nit's gonna be a little bit faster than i\nwould have wanted it and\ni don't know it was too long i did seven\nhours so far but trying to cram seven\nhours\nin 20 minutes that's that's crazy so\nmaybe i should do it at 30 but then i\ndon't want any of my videos to reach 30\nminutes so i kind of just chop it off\nright there\nyeah i hope that you you get you get\nsome value from it though i hope that\nyou enjoy it you know before we get into\nthe video i want to say thank you all\nfor the 500 and other\nof you who have subscribed to the\nchannel um thank you very much thanks\nfor the support and i want to say a huge\nbig\nup to crispin my only patron so far on\nmy patreon\npage guys go over there and check it out\nuh you can support the channel over\nthere you can also uh\nget access to other resources that i do\nnot share on\nmy youtube channe",
    "start_char": 0,
    "end_char": 1000,
    "char_count": 1000,
    "word_count": 210,
    "metadata": {
      "chunk_size": 1000,
      "overlap": 200
    }
  },
  {
    "index": 1,
    "text": "ly patron so far on\nmy patreon\npage guys go over there and check it out\nuh you can support the channel over\nthere you can also uh\nget access to other resources that i do\nnot share on\nmy youtube channel so definitely go and\ncheck that out\nlinks are in the description below\n[Music]\n[Music]\nnow\n[Music]\noh\n[Music]\n[Applause]\n[Music]\nhmm\n[Music]\num\n[Music]\nso\n[Music]\nso i have a giveaway for you guys for\nthe love and the support so far\num we're climbing to a thousand\nsubscribers and i want to you know give\nyou guys something in return and so this\nvery\nproject that you're watching i'll be\ngiving it away\nto three persons two from this youtube\nchannel and\none person from my patreon page so\nif you want a chance to win this house\nthis four bedroom house you can do\nwhatever you want to do with it if you\nwant to sell it if you want\nimprove upon it whatever check the\ndescription for the instructions\nand uh yeah enter to win i'm gonna be\ngiving this away when i reach\n1000 subscribers every milestone",
    "start_char": 800,
    "end_char": 1800,
    "char_count": 1000,
    "word_count": 194,
    "metadata": {
      "chunk_size": 1000,
      "overlap": 200
    }
  },
  {
    "index": 2,
    "text": "you\nwant to sell it if you want\nimprove upon it whatever check the\ndescription for the instructions\nand uh yeah enter to win i'm gonna be\ngiving this away when i reach\n1000 subscribers every milestone i'm\ngonna be giving something away so\ndefinitely stay tuned subscribe hit the\nlike button and don't forget to\ncomment and share alright so enjoy the\nrest of the video\nbig open yourself you don't know\nanything already\n[Music]\nhmm\n[Music]\num\n[Music]\n[Music]\n[Music]\n[Music]\n[Music]\nso\n[Music]\nso\n[Music]\n[Applause]\n[Music]\n[Applause]\n[Music]\ngo\n[Music]\n[Applause]\nbye\n[Music]\nso\noh\n[Music]\num\n[Music]\n[Music]\nso\n[Music]\n[Music]\n[Music]\n[Music]\nso\n[Music]\n[Music]\n[Music]\n[Music]\n[Music]\nso\n[Music]\n[Music]\n[Music]\n[Applause]\n[Music]\n[Music]\n[Applause]\n[Music]\nso\n[Music]\noh\n[Music]\nso\n[Music]\n[Music]\n[Music]\noh\n[Music]\n[Music]\noh\n[Music]\noh\n[Music]\noh\n[Music]\nhmm\n[Music]\nhmm\n[Music]\nso\n[Music]\nhmm\n[Music]\nhmm\n[Music]\nhmm\n[Music]\nhmm\n[Music]\n[Music]\n[Music]\num\n[Music]\nso\n[Music]\n[Music]\nso\n[Music]",
    "start_char": 1600,
    "end_char": 2600,
    "char_count": 999,
    "word_count": 163,
    "metadata": {
      "chunk_size": 1000,
      "overlap": 200
    }
  },
  {
    "index": 3,
    "text": "[Music]\noh\n[Music]\n[Music]\noh\n[Music]\noh\n[Music]\noh\n[Music]\nhmm\n[Music]\nhmm\n[Music]\nso\n[Music]\nhmm\n[Music]\nhmm\n[Music]\nhmm\n[Music]\nhmm\n[Music]\n[Music]\n[Music]\num\n[Music]\nso\n[Music]\n[Music]\nso\n[Music]\nso\n[Music]\nso\n[Music]\nyou",
    "start_char": 2400,
    "end_char": 3400,
    "char_count": 225,
    "word_count": 38,
    "metadata": {
      "chunk_size": 1000,
      "overlap": 200
    }
  }
]