[
  {
    "index": 0,
    "text": "foreign\n[Music]\nthanks\n[Music]\ngiving day\nthank you\n[Music]\n[Music]\n[Music]\nwhoops\n[Music]\n[Music]\n[Music]\nthank you\n[Music]\n[Music]\n[Music]\nforeign\n[Music]\n[Music]\n[Music]\n[Music]\n[Music]\n[Music]\nforeign\n[Music]\n[Music]\n[Music]\nforeign\n[Music]\n[Music]\nforeign\n[Music]\nforeign\n[Music]\nthank you\n[Music]\nforeign\n[Music]\nthank you\n[Music]\nthank you\nforeign foreign\n[Music]\nforeign\n[Music]\nthank you\n[Music]\nthank you\n[Music]\n[Music]\nthank you\n[Music]\n[Applause]\nyourself\n[Music]\n[Applause]\n[Music]\nforeign\n[Music]\n[Music]\nthank you\n[Music]\nforeign\n[Music]\n[Music]\n[Music]\nforeign\n[Music]\nforeign\n[Music]\n[Applause]\n[Music]\nforeign\n[Music]\nthank you\n[Music]\nthank you\n[Music]\n[Music]\nforeign\n[Music]\nthank you\n[Music]",
    "start_char": 0,
    "end_char": 1000,
    "char_count": 714,
    "word_count": 98,
    "metadata": {
      "chunk_size": 1000,
      "overlap": 200
    }
  }
]