{
  "video_id": "iCYWKiN9tys",
  "title": "DETAILING Part 1 (Floor & Foundation Plan) in AutoCAD Architecture 2023",
  "description": "🎓3D Modeling With AutoCAD Architecture course: \nhttps://learn.tdvisionuniversity.com/courses/3d-autocad-architecture-beginners-intermediate-course\n🎓Views, Annotations and Sheets with AutoCAD Architecture course: https://learn.tdvisionuniversity.com/courses/views-annotations-with-autocad-architecture\n\n---\n\nThis is episode 17 of our One Bedroom House series. Today you'll see how I go about adding annotations, dimensions, callouts, tags, window schedule, door schedule, and other details to a simple floor plan and foundation plan. \n\nI hope that you learn a thing or 3. Do me a favour - do one of the below...\n\nSubscribe / Share / Comment / Like\n\nTIMELINE CONTENT\n0:00 - Intro\n1:00 - DETAILING a Floor Plan\n12:48 - DETAILING a Foundation Plan\n25:35 - The End\n\n---\n\n***RESOURCES***\n\n⭐See full playlist here (All Episodes)\nhttps://youtube.com/playlist?list=PLyLLcCaRflgCTuP493CZuUOFdMdh-a_jc\n\n⭐ Join this channel to get access to perks:\nhttps://www.youtube.com/channel/UC4Pjm4B8uD6XQJhvkPu6ETA/join\n\n⭐ Or join my Patreon Page:\nhttps://www.patreon.com/tdvision\n\n---\n\n#OneBedroomHouse #AutoCADArchitecture2020 #AutoCADArchitecture2021\n\n---\n\nGEARS I USE:\nhttps://sites.google.com/view/tdvisionuniversity/gears-i-use\n\nFOLLOW ME ON SOCIAL MEDIA:\nhttps://linktr.ee/tdvisionu\n\nCREDITS:\nMusic: Youtube Audio Library (free audio)",
  "uploader": "TD Vision U",
  "upload_date": "20201212",
  "duration": 1617,
  "view_count": 47651,
  "like_count": 731,
  "thumbnail": "https://i.ytimg.com/vi/iCYWKiN9tys/maxresdefault.jpg",
  "url": "https://www.youtube.com/watch?v=iCYWKiN9tys",
  "extraction_date": "2025-07-09T06:53:32.192076"
}