{
  "video_id": "iCYWKiN9tys",
  "folder_name": "DETAILING Part 1 (Fl",
  "title": "DETAILING Part 1 (Floor & Foundation Plan) in AutoCAD Architecture 2023",
  "duration": 1617,
  "has_transcript": false,
  "has_thumbnail": true,
  "extraction_date": "2025-07-09T06:53:32.356007",
  "files_created": {
    "metadata": "storage\\DETAILING Part 1 (Fl\\iCYWKiN9tys_metadata.json",
    "transcript": null,
    "text": null,
    "thumbnail": "storage\\DETAILING Part 1 (Fl\\iCYWKiN9tys_thumbnail.jpg"
  }
}