{
  "video_id": "29LqUn2dK7o",
  "title": "Vou poder fazer MAPEAMENTOS com o DJI MINI 5 PRO?",
  "description": "Pessoal nesse vídeo passo um pouco do meu pensamento quanto ao lançamento do DJI Mini 5 PRO e também quanto a liberação do SDK.\n___________________________________________________________________\nEm dúvida em qual drone comprar para seu negócio de Mapeamentos? \n🔥 https://go.hotmart.com/C100261886Y\n___________________________________________________________________\nhttps://www.instagram.com/maps4me/\n___________________________________________________________________\nA Maps4me apoia o Drone Legal, uma iniciativa promovida pelo Ministério dos Transportes do Brasil\nSaiba mais: https://www.gov.br/transportes/pt-br/assuntos/transporte-aereo/drone-legal",
  "uploader": "Maps4me",
  "upload_date": "20250627",
  "duration": 448,
  "view_count": 827,
  "like_count": 49,
  "thumbnail": "https://i.ytimg.com/vi_webp/29LqUn2dK7o/maxresdefault.webp",
  "url": "https://www.youtube.com/watch?v=29LqUn2dK7o",
  "extraction_date": "2025-07-09T06:59:39.479102"
}