[
  {
    "index": 0,
    "text": "[Music] foreign foreign [Music] [Music] broken again [Music] foreign [Music] [Applause] [Music] foreign [Music] [Music] [Music] I'm just getting something [Music] foreign [Music] please [Music] foreign [Music] [Applause] [Music] [Music] [Music] thank you foreign [Music] [Music] [Music] [Music] foreign [Music] foreign [Music] [Music] [Music] foreign [Applause] [Music] [Applause] [Music] foreign [Music] [Music] thank you foreign [Music] foreign [Music] [Applause] [Music] [Applause] [Music] thank you [Music] I like to be educated but I'm so frustrated hello to my loneliness is [Music] I wish I knew [Music] foreign [Music] foreign [Applause] [Music] [Applause] [Music] foreign [Music] [Music] thank you foreign [Music] baby you'll get me [Music] don't leave me alone [Music] I overthink it baby [Music] baby you'll kill me living between [Music] but I don't wanna miss you baby [Music] fly [Music] baby [Music] maybe you'll get me [Music] don't leave me [Music] [Applause] [Music] [Applause] oh [",
    "start_char": 0,
    "end_char": 1000,
    "char_count": 1000,
    "word_count": 147,
    "metadata": {
      "chunk_size": 1000,
      "overlap": 200
    }
  },
  {
    "index": 1,
    "text": "Music] baby you'll kill me living between [Music] but I don't wanna miss you baby [Music] fly [Music] baby [Music] maybe you'll get me [Music] don't leave me [Music] [Applause] [Music] [Applause] oh [Music] foreign [Music] [Music] foreign [Music] [Music] foreign [Music] [Applause] [Music] [Applause] [Music] foreign [Music] [Music] [Applause] [Music] foreign [Music] [Laughter] [Music] foreign [Music] [Music] [Applause] [Music] foreign [Music] [Music] [Applause] [Music] foreign [Music] [Music] foreign [Music] [Applause] [Music] [Applause] [Music] foreign [Music] [Music] [Applause] [Music] foreign [Music] [Laughter] [Music]",
    "start_char": 800,
    "end_char": 1800,
    "char_count": 628,
    "word_count": 83,
    "metadata": {
      "chunk_size": 1000,
      "overlap": 200
    }
  }
]