{
  "video_id": "I_c5oqCJNN8",
  "title": "SITE PLAN in AutoCAD Architecture 2023",
  "description": "🎓3D Modeling With AutoCAD Architecture course: \nhttps://learn.tdvisionuniversity.com/courses/3d-autocad-architecture-beginners-intermediate-course\n🎓Views, Annotations and Sheets with AutoCAD Architecture course: https://learn.tdvisionuniversity.com/courses/views-annotations-with-autocad-architecture\n\n---\n\nThis is episode 11 of the One Bedroom House series, showing you how to draw a small house \"From Start To Finish\". My hope is that you will learn the fundamentals so that you can apply them to your own projects.\n\nIn this video, I will begin the site plan for the one bedroom house in AutoCAD Architecture. I hope that you learn something from today's video.\n\nThank you all for watching and sharing. \nGive it a like, and subscribe! Oh...drop a camment too!\n\nTIMELINE CONTENT\n0:00 - Intro\n0:38 - Lesson\n2:16 - AutoCAD Part 1\n13:41 - AutoCAD Part 2\n28:39 - The End\n\n---\n\n***RESOURCES***\n\n⭐See full playlist here\nhttps://youtube.com/playlist?list=PLyLLcCaRflgCTuP493CZuUOFdMdh-a_jc\n\n⭐Download PDFs: One Bedroom House\nhttps://tdvisionuniversity.com/store/p/all-pdf-from-one-bedroom-house-series\n\n⭐ Join this channel to get access to perks:\nhttps://www.youtube.com/channel/UC4Pjm4B8uD6XQJhvkPu6ETA/join\n\n⭐ Or join my Patreon Page:\nhttps://www.patreon.com/tdvision\n\n---\n\n#OneBedroomHouse #AutoCAD #Architecture \n\n---\n\nGEARS I USE:\nhttps://kit.co/TDVisionU\n\nFOLLOW ME ON SOCIAL MEDIA:\nhttps://linktr.ee/tdvisionu\n\nCredits:\nMusic: Youtube Audio Library (free audio)\nStock Video Footage: https://www.pexels.com/",
  "uploader": "TD Vision U",
  "upload_date": "20200711",
  "duration": 1756,
  "view_count": 49929,
  "like_count": 790,
  "thumbnail": "https://i.ytimg.com/vi/I_c5oqCJNN8/maxresdefault.jpg",
  "url": "https://www.youtube.com/watch?v=I_c5oqCJNN8",
  "extraction_date": "2025-07-09T06:52:55.928467"
}