{
  "video_id": "rA8VpPCw9rg",
  "folder_name": "CREATING VIEWS (Part_v2",
  "title": "CREATING VIEWS (Part 2) in AutoCAD Architecture 2023",
  "duration": 1134,
  "has_transcript": false,
  "has_thumbnail": true,
  "extraction_date": "2025-07-09T06:53:26.444457",
  "files_created": {
    "metadata": "storage\\CREATING VIEWS (Part_v2\\rA8VpPCw9rg_metadata.json",
    "transcript": null,
    "text": null,
    "thumbnail": "storage\\CREATING VIEWS (Part_v2\\rA8VpPCw9rg_thumbnail.jpg"
  }
}