{
  "video_id": "rA8VpPCw9rg",
  "title": "CREATING VIEWS (Part 2) in AutoCAD Architecture 2023",
  "description": "🎓3D Modeling With AutoCAD Architecture course: \nhttps://learn.tdvisionuniversity.com/courses/3d-autocad-architecture-beginners-intermediate-course\n🎓Views, Annotations and Sheets with AutoCAD Architecture course: https://learn.tdvisionuniversity.com/courses/views-annotations-with-autocad-architecture\n\n---\n\n⭐ See previous episode on Views (Part 1)\nhttps://youtu.be/ECDBBHrp7tE\n\nThis is episode 16 of the One Bedroom House series, showing you how to draw a small house \"From Start To Finish\". My hope is that you will learn the fundamentals so that you can apply them to your own projects.\n\nIn this video, I will create additional views for the one bedroom house in AutoCAD Architecture.\n\nThank you all for watching and sharing. \nIf you learned something, give it a like, and subscribe! Oh...drop a camment too!\n\nTIMELINE CONTENT\n0:00 - Intro\n0:26 - AutoCAD Tutorial\n17:40 - The End\n\n---\n\n***RESOURCES***\n\n⭐See full playlist here\nhttps://youtube.com/playlist?list=PLyLLcCaRflgCTuP493CZuUOFdMdh-a_jc\n\n⭐Download PDFs: One Bedroom House\nhttps://tdvisionuniversity.com/store/p/all-pdf-from-one-bedroom-house-series\n\n⭐ Join this channel to get access to perks:\nhttps://www.youtube.com/channel/UC4Pjm4B8uD6XQJhvkPu6ETA/join\n\n⭐ Or join my Patreon Page:\nhttps://www.patreon.com/tdvision\n\n---\n\n#OneBedroomHouse #AutoCAD #Architecture \n\n---\n\nGEARS I USE:\nhttps://kit.co/TDVisionU\n\nFOLLOW ME ON SOCIAL MEDIA:\nhttps://linktr.ee/tdvisionu\n\nCREDITS:\nMusic: Youtube Audio Library (free audio)",
  "uploader": "TD Vision U",
  "upload_date": "20201031",
  "duration": 1134,
  "view_count": 28595,
  "like_count": 443,
  "thumbnail": "https://i.ytimg.com/vi_webp/rA8VpPCw9rg/maxresdefault.webp",
  "url": "https://www.youtube.com/watch?v=rA8VpPCw9rg",
  "extraction_date": "2025-07-09T06:53:26.291207"
}