{
  "video_id": "YraODzwAmYs",
  "title": "Modern Home Design in AutoCAD Architecture 2024 (timelapse)",
  "description": "🚨ALERT🚨 Architectural Drafting Course | for Beginners from zero-hero | partnering with CourseCareer \nhttps://coursecareers.com/a/TDVisionU?course=construction-drafting\n🎓3D Modeling With AutoCAD Architecture course: \nhttps://learn.tdvisionuniversity.com/courses/3d-autocad-architecture-beginners-intermediate-course\n🎓Views, Annotations and Sheets with AutoCAD Architecture course: https://learn.tdvisionuniversity.com/courses/views-annotations-with-autocad-architecture\n\n---\n\nDesigning a building from start to finish in AutoCAD Architecture is made easy when you know what to do. Check out this video. Get the real-time video on Patreon, link below.\n\n🔶 Join this channel to get access to perks:\nhttps://www.youtube.com/channel/UC4Pjm4B8uD6XQJhvkPu6ETA/join\n\n🔶 Or join my Patreon Page:\nhttps://www.patreon.com/tdvision\n\n🏅 Best AutoCAD Architecture Playlist on the internet\nhttps://www.youtube.com/playlist?list=PLyLLcCaRflgCTuP493CZuUOFdMdh-a_jc\n\n▶️ Check out more videos like this one\nhttps://youtube.com/playlist?list=PLyLLcCaRflgBYaFrnqJ1QQ0paXO2xEf8Q\n\n---\n\n#autocad #Architecture #onlinecourses \n\n---\n\nGEARS I USE:\nhttps://kit.co/TDVisionU\n\nFOLLOW ME ON SOCIAL MEDIA:\nhttps://linktr.ee/tdvisionu\n\nCREDITS:\nMusic: YouTube Audio Library (free audio)",
  "uploader": "TD Vision U",
  "upload_date": "20220804",
  "duration": 1138,
  "view_count": 242903,
  "like_count": 2045,
  "comment_count": 61,
  "thumbnail": "https://i.ytimg.com/vi_webp/YraODzwAmYs/maxresdefault.webp",
  "url": "https://www.youtube.com/watch?v=YraODzwAmYs",
  "extraction_date": "2025-07-11T12:03:48.470145",
  "extractor_version": "3.0.0",
  "proxy_used": null
}