{
  "video_id": "RZqD-EWsTBg",
  "title": "DRAINAGE LAYOUT PLAN in AutoCAD Architecture 2023",
  "description": "🎓3D Modeling With AutoCAD Architecture course: \nhttps://learn.tdvisionuniversity.com/courses/3d-autocad-architecture-beginners-intermediate-course\n🎓Views, Annotations and Sheets with AutoCAD Architecture course: https://learn.tdvisionuniversity.com/courses/views-annotations-with-autocad-architecture\n\n---\n\nThis is episode 14 of the One Bedroom House series, showing you how to draw a small house \"From Start To Finish\". \n\nIn this video, I will be doing a drainage system layout (drainage plan) for the one bedroom house in AutoCAD Architecture 2020.  My hope is that you will learn the fundamentals so that you can apply them to your own projects.\n\nThank you all for watching and sharing. \nGive it a like, and subscribe! Oh...drop a camment too!\n\nTIMELINE CONTENT\n0:00 - Intro\n0:55 - Lesson\n3:41 - AutoCAD Tutorial (Drainage system layout)\n21:38 - AutoCAD Tutorial (Adding them to our views)\n23:00 - The End\n\n---\n\n***RESOURCES***\n\n⭐See full playlist here\nhttps://youtube.com/playlist?list=PLyLLcCaRflgCTuP493CZuUOFdMdh-a_jc\n\n⭐How to Detail (annotate) a Drainage Plan:\nhttps://youtu.be/SIRojqrpmYs\n\n⭐Download PDFs: One Bedroom House\nhttps://tdvisionuniversity.com/store/p/all-pdf-from-one-bedroom-house-series\n\n⭐ Join this channel to get access to perks:\nhttps://www.youtube.com/channel/UC4Pjm4B8uD6XQJhvkPu6ETA/join\n\n⭐ Or join my Patreon Page:\nhttps://www.patreon.com/tdvision\n\n---\n\n#OneBedroomHouse #AutoCAD #Architecture \n\n---\n\nGEARS I USE:\nhttps://sites.google.com/view/tdvisionuniversity/gears-i-use\n\nFOLLOW ME ON SOCIAL MEDIA:\nhttps://linktr.ee/tdvisionu\n\nCREDITS:\nMusic: Youtube Audio Library (free audio)",
  "uploader": "TD Vision U",
  "upload_date": "20200905",
  "duration": 1441,
  "view_count": 63897,
  "like_count": 1173,
  "thumbnail": "https://i.ytimg.com/vi/RZqD-EWsTBg/maxresdefault.jpg",
  "url": "https://www.youtube.com/watch?v=RZqD-EWsTBg",
  "extraction_date": "2025-07-09T06:53:14.086052"
}