{
  "video_id": "qeMM5_WIIuU",
  "folder_name": "DETAILING Part 6 - (",
  "title": "DETAILING Part 6 - (Section Elevation) in AutoCAD Architecture 2023",
  "duration": 1060,
  "has_transcript": false,
  "has_thumbnail": true,
  "extraction_date": "2025-07-09T06:54:02.558260",
  "files_created": {
    "metadata": "storage\\DETAILING Part 6 - (\\qeMM5_WIIuU_metadata.json",
    "transcript": null,
    "text": null,
    "thumbnail": "storage\\DETAILING Part 6 - (\\qeMM5_WIIuU_thumbnail.jpg"
  }
}