{
  "video_id": "FksgoDcITK4",
  "title": "Modern Vacation Home Design // AutoCAD Architecture (2024)",
  "description": "🎓3D Modeling With AutoCAD Architecture course: \nhttps://learn.tdvisionuniversity.com/courses/3d-autocad-architecture-beginners-intermediate-course\n🎓Views, Annotations and Sheets with AutoCAD Architecture course: https://learn.tdvisionuniversity.com/courses/views-annotations-with-autocad-architecture\n\n- - -\n\nDesigning a building from start to finish in AutoCAD Architecture is made easy when you know what to do. Check out this video. Get the real-time video on Patreon, link below.\n\n👉🏾 3D Space Mouse that I use to orbit \nhttps://amzn.to/3IP7Lo8 (affiliate)\n\n🎦 More videos like this one\nhttps://youtube.com/playlist?list=PLyLLcCaRflgBYaFrnqJ1QQ0paXO2xEf8Q\n\n🔶 Join this channel to get access to perks:\nhttps://www.youtube.com/channel/UC4Pjm4B8uD6XQJhvkPu6ETA/join\n\n🔶 Or join my Patreon Page:\nhttps://www.patreon.com/tdvision\n\n🏅 Best AutoCAD Architecture Playlist on the internet\nhttps://www.youtube.com/playlist?list=PLyLLcCaRflgCTuP493CZuUOFdMdh-a_jc\n\n▶️ Check out more videos like this one\nhttps://youtube.com/playlist?list=PLyLLcCaRflgBYaFrnqJ1QQ0paXO2xEf8Q\n\n- - -\n\n#autocad #airbnb #architecture #autodesk #design  #revit\n\n- - -\n\nWEBSITE\nhttps://www.TDVisionUniversity.com\n\nGEARS I USE:\nhttps://kit.co/TDVisionU\n\nFOLLOW ME ON SOCIAL MEDIA:\nhttps://linktr.ee/tdvisionu\n\nCREDITS:\nMusic: YouTube Audio Library (free audio)",
  "uploader": "TD Vision U",
  "upload_date": "20221231",
  "duration": 1306,
  "view_count": 57136,
  "like_count": 367,
  "comment_count": 30,
  "thumbnail": "https://i.ytimg.com/vi_webp/FksgoDcITK4/maxresdefault.webp",
  "url": "https://www.youtube.com/watch?v=FksgoDcITK4",
  "extraction_date": "2025-07-11T12:17:40.794656",
  "extractor_version": "3.0.0",
  "proxy_used": null
}