[
  {
    "index": 0,
    "text": "[Music]\n[Music]\nso\n[Music]\nme\n[Music]\nknow\n[Music]\n[Music]\nso\n[Music]\nso\n[Music]\n[Music]\n[Music]\nme\n[Music]\n[Music]\nthis\n[Music]\nso\n[Music]\n[Music]\ndo\n[Music]\nno\n[Music]\n[Music]\nme\n[Music]\nthis\n[Music]\nit\n[Music]\n[Music]\n[Music]\n[Music]\n[Music]\nme\n[Music]\nknow\n[Music]\nso\n[Music]\n[Music]\nknow\n[Music]\nokay\n[Music]\nuh\n[Music]",
    "start_char": 0,
    "end_char": 1000,
    "char_count": 324,
    "word_count": 51,
    "metadata": {
      "chunk_size": 1000,
      "overlap": 200
    }
  }
]