{
  "video_id": "VAn2-hG00XU",
  "title": "ELECTRICAL PLAN (Electrical Wiring) in AutoCAD Architecture 2023",
  "description": "🚨ALERT🚨 Architectural Drafting Course | for Beginners from zero-hero | partnering with CourseCareer \nhttps://coursecareers.com/a/TDVisionU?course=construction-drafting\n🎓3D Modeling With AutoCAD Architecture course: \nhttps://learn.tdvisionuniversity.com/courses/3d-autocad-architecture-beginners-intermediate-course\n🎓Views, Annotations and Sheets with AutoCAD Architecture course: https://learn.tdvisionuniversity.com/courses/views-annotations-with-autocad-architecture\n\n---\n\nThis is episode 15 of the One Bedroom House series, showing you how to draw a small house \"From Start To Finish\". \n\nIn this video, I will be doing an electrical plan (electrical wiring plan) for the one bedroom house in AutoCAD Architecture. I'll be using AutoCAD blocks as to place electrical symbols. My hope is that you will learn the fundamentals so that you can apply them to your own projects.\n\nThank you all for watching and sharing. \nGive it a like, and subscribe! Oh...drop a camment too!\n\nTIMELINE CONTENT\n0:00 - Intro\n1:28 - Lesson\n4:47 - AutoCAD (import electrical symbols)\n11:47 - AutoCAD (placing electrical symbols)\n24:35 - The End\n\n---\n\n***RESOURSES***\n\n🔶 Join this channel to get access to perks:\nhttps://www.youtube.com/channel/UC4Pjm4B8uD6XQJhvkPu6ETA/join\n\n🔶 Or join my Patreon Page:\nhttps://www.patreon.com/tdvision\n\n🏅 Best AutoCAD Architecture Playlist on the internet\nhttps://www.youtube.com/playlist?list=PLyLLcCaRflgCTuP493CZuUOFdMdh-a_jc\n\n⭐ Download PDF: Electrical Symbol Legend\nhttps://tdvisionuniversity.com/store/p/one-bedroom-series-electrical-legend-pdf-and-dwg\n\n⭐ Detailing the Electrical Plan:\nhttps://youtu.be/SIRojqrpmYs\n\n---\n\n#OneBedroomHouse #AutoCAD #Architecture \n\n---\n\nGEARS I USE:\nhttps://kit.co/TDVisionU\n\nFOLLOW ME ON SOCIAL MEDIA:\nhttps://linktr.ee/tdvisionu\n\nCREDITS:\nMusic: YouTube Audio Library (free audio)",
  "uploader": "TD Vision U",
  "upload_date": "20200919",
  "duration": 1549,
  "view_count": 196447,
  "like_count": 3418,
  "thumbnail": "https://i.ytimg.com/vi_webp/VAn2-hG00XU/maxresdefault.webp",
  "url": "https://www.youtube.com/watch?v=VAn2-hG00XU",
  "extraction_date": "2025-07-09T06:53:20.136722"
}