{
  "video_id": "VAn2-hG00XU",
  "folder_name": "ELECTRICAL PLAN (Ele",
  "title": "ELECTRICAL PLAN (Electrical Wiring) in AutoCAD Architecture 2023",
  "duration": 1549,
  "has_transcript": false,
  "has_thumbnail": true,
  "extraction_date": "2025-07-09T06:53:20.295912",
  "files_created": {
    "metadata": "storage\\ELECTRICAL PLAN (Ele\\VAn2-hG00XU_metadata.json",
    "transcript": null,
    "text": null,
    "thumbnail": "storage\\ELECTRICAL PLAN (Ele\\VAn2-hG00XU_thumbnail.jpg"
  }
}