{
  "video_id": "dx9LmrPnC-w",
  "title": "WALLS in AutoCAD Architecture 2023",
  "description": "🎓3D Modeling With AutoCAD Architecture course: \nhttps://learn.tdvisionuniversity.com/courses/3d-autocad-architecture-beginners-intermediate-course\n🎓Views, Annotations and Sheets with AutoCAD Architecture course: https://learn.tdvisionuniversity.com/courses/views-annotations-with-autocad-architecture\n\n---------------------------------------------------------------------------------\n\nALL EPISODES:\nhttps://www.youtube.com/watch?v=f1jFFxBPjDY&list=PLyLLcCaRflgCTuP493CZuUOFdMdh-a_jc\n\n---------------------------------------------------------------------------------\n\nThis is episode 04 of the One Bedroom House series, showing you how to draw a small house \"From Start To Finish\". My hope is that you will learn the fundamentals so that you can apply them to your own projects.\n\nIn this video, I will be showing how to identify the correct wall type, and implement it into your project. I hope that you learn something from today's video.\n\nThank you all for watching and sharing. \nGive it a like, and subscribe! Oh...drop a camment too!\n\nTIMELINE CONTENT\n0:00 - Intro\n0:42 - Lesson\n2:15 - AutoCAD Tutorial\n16:11 - The End\n\n---------------------------------------------------------------------------------\n\n***RESOURSES***\n\n⭐See full playlist here\nhttps://youtube.com/playlist?list=PLyLLcCaRflgCTuP493CZuUOFdMdh-a_jc\n\n⭐Download PDFs: One Bedroom House\nhttps://tdvisionuniversity.com/store/p/all-pdf-from-one-bedroom-house-series\n\n⭐ Join this channel to get access to perks:\nhttps://www.youtube.com/channel/UC4Pjm4B8uD6XQJhvkPu6ETA/join\n\n⭐ Or join my Patreon Page:\nhttps://www.patreon.com/tdvision\n\n---------------------------------------------------------------------------------\n\n#OneBedroomHouse #AutoCAD #Architecture \n\n---------------------------------------------------------------------------------\n\nGEARS I USE:\nhttps://kit.co/TDVisionU\n\nFOLLOW ME ON SOCIAL MEDIA:\nhttps://linktr.ee/tdvisionu\n\nCREDITS:\nMusic: Youtube Audio Library (free audio)\nInformation on CMU Blocks: https://www.archtoolbox.com/materials-systems/masonry/concblocksizes.html",
  "uploader": "TD Vision U",
  "upload_date": "20200329",
  "duration": 1038,
  "view_count": 86967,
  "like_count": 1209,
  "thumbnail": "https://i.ytimg.com/vi/dx9LmrPnC-w/maxresdefault.jpg",
  "url": "https://www.youtube.com/watch?v=dx9LmrPnC-w",
  "extraction_date": "2025-07-09T06:52:13.795564"
}