{
  "playlist_id": "PLyLLcCaRflgCTuP493CZuUOFdMdh-a_jc",
  "playlist_url": "https://www.youtube.com/playlist?list=PLyLLcCaRflgCTuP493CZuUOFdMdh-a_jc",
  "total_videos": 24,
  "successful_extractions": 24,
  "failed_extractions": 0,
  "extraction_date": "2025-07-09T06:54:15.501809",
  "video_results": [
    {
      "success": true,
      "video_id": "f1jFFxBPjDY",
      "folder_name": "5 THINGS TO KNOW! Be",
      "folder_path": "storage\\5 THINGS TO KNOW! Be",
      "summary": {
        "video_id": "f1jFFxBPjDY",
        "folder_name": "5 THINGS TO KNOW! Be",
        "title": "5 THINGS TO KNOW! Before You Start a New Drawing",
        "duration": 612,
        "has_transcript": false,
        "has_thumbnail": true,
        "extraction_date": "2025-07-09T06:51:57.001670",
        "files_created": {
          "metadata": "storage\\5 THINGS TO KNOW! Be\\f1jFFxBPjDY_metadata.json",
          "transcript": null,
          "text": null,
          "thumbnail": "storage\\5 THINGS TO KNOW! Be\\f1jFFxBPjDY_thumbnail.jpg"
        }
      }
    },
    {
      "success": true,
      "video_id": "kAyfNOsc83Y",
      "folder_name": "PROJECT SETUP in Aut",
      "folder_path": "storage\\PROJECT SETUP in Aut",
      "summary": {
        "video_id": "kAyfNOsc83Y",
        "folder_name": "PROJECT SETUP in Aut",
        "title": "PROJECT SETUP in AutoCAD Architecture 2023",
        "duration": 1301,
        "has_transcript": false,
        "has_thumbnail": true,
        "extraction_date": "2025-07-09T06:52:02.824612",
        "files_created": {
          "metadata": "storage\\PROJECT SETUP in Aut\\kAyfNOsc83Y_metadata.json",
          "transcript": null,
          "text": null,
          "thumbnail": "storage\\PROJECT SETUP in Aut\\kAyfNOsc83Y_thumbnail.jpg"
        }
      }
    },
    {
      "success": true,
      "video_id": "dW01WAGco-Y",
      "folder_name": "GRIDLINES (Column Gr",
      "folder_path": "storage\\GRIDLINES (Column Gr",
      "summary": {
        "video_id": "dW01WAGco-Y",
        "folder_name": "GRIDLINES (Column Gr",
        "title": "GRIDLINES (Column Grids) in AutoCAD Architecture 2023",
        "duration": 1129,
        "has_transcript": false,
        "has_thumbnail": true,
        "extraction_date": "2025-07-09T06:52:08.429573",
        "files_created": {
          "metadata": "storage\\GRIDLINES (Column Gr\\dW01WAGco-Y_metadata.json",
          "transcript": null,
          "text": null,
          "thumbnail": "storage\\GRIDLINES (Column Gr\\dW01WAGco-Y_thumbnail.jpg"
        }
      }
    },
    {
      "success": true,
      "video_id": "dx9LmrPnC-w",
      "folder_name": "WALLS in AutoCAD Arc",
      "folder_path": "storage\\WALLS in AutoCAD Arc",
      "summary": {
        "video_id": "dx9LmrPnC-w",
        "folder_name": "WALLS in AutoCAD Arc",
        "title": "WALLS in AutoCAD Architecture 2023",
        "duration": 1038,
        "has_transcript": false,
        "has_thumbnail": true,
        "extraction_date": "2025-07-09T06:52:13.975857",
        "files_created": {
          "metadata": "storage\\WALLS in AutoCAD Arc\\dx9LmrPnC-w_metadata.json",
          "transcript": null,
          "text": null,
          "thumbnail": "storage\\WALLS in AutoCAD Arc\\dx9LmrPnC-w_thumbnail.jpg"
        }
      }
    },
    {
      "success": true,
      "video_id": "pGNYjITG1-s",
      "folder_name": "DOORS & OPENINGS in",
      "folder_path": "storage\\DOORS & OPENINGS in",
      "summary": {
        "video_id": "pGNYjITG1-s",
        "folder_name": "DOORS & OPENINGS in",
        "title": "DOORS & OPENINGS in AutoCAD Architecture 2023",
        "duration": 1076,
        "has_transcript": false,
        "has_thumbnail": true,
        "extraction_date": "2025-07-09T06:52:20.210999",
        "files_created": {
          "metadata": "storage\\DOORS & OPENINGS in\\pGNYjITG1-s_metadata.json",
          "transcript": null,
          "text": null,
          "thumbnail": "storage\\DOORS & OPENINGS in\\pGNYjITG1-s_thumbnail.jpg"
        }
      }
    },
    {
      "success": true,
      "video_id": "UDFddFCVz1w",
      "folder_name": "WINDOWS in AutoCAD A",
      "folder_path": "storage\\WINDOWS in AutoCAD A",
      "summary": {
        "video_id": "UDFddFCVz1w",
        "folder_name": "WINDOWS in AutoCAD A",
        "title": "WINDOWS in AutoCAD Architecture 2023",
        "duration": 911,
        "has_transcript": false,
        "has_thumbnail": true,
        "extraction_date": "2025-07-09T06:52:25.893969",
        "files_created": {
          "metadata": "storage\\WINDOWS in AutoCAD A\\UDFddFCVz1w_metadata.json",
          "transcript": null,
          "text": null,
          "thumbnail": "storage\\WINDOWS in AutoCAD A\\UDFddFCVz1w_thumbnail.jpg"
        }
      }
    },
    {
      "success": true,
      "video_id": "omwB1ZyDqHA",
      "folder_name": "FOUNDATION PLAN (Str",
      "folder_path": "storage\\FOUNDATION PLAN (Str",
      "summary": {
        "video_id": "omwB1ZyDqHA",
        "folder_name": "FOUNDATION PLAN (Str",
        "title": "FOUNDATION PLAN (Strip Foundation) in AutoCAD Architecture 2023",
        "duration": 1245,
        "has_transcript": false,
        "has_thumbnail": true,
        "extraction_date": "2025-07-09T06:52:32.228621",
        "files_created": {
          "metadata": "storage\\FOUNDATION PLAN (Str\\omwB1ZyDqHA_metadata.json",
          "transcript": null,
          "text": null,
          "thumbnail": "storage\\FOUNDATION PLAN (Str\\omwB1ZyDqHA_thumbnail.jpg"
        }
      }
    },
    {
      "success": true,
      "video_id": "LiqIRHXvReI",
      "folder_name": "SPACE & ZONES in Aut",
      "folder_path": "storage\\SPACE & ZONES in Aut",
      "summary": {
        "video_id": "LiqIRHXvReI",
        "folder_name": "SPACE & ZONES in Aut",
        "title": "SPACE & ZONES in AutoCAD Architecture 2023",
        "duration": 1152,
        "has_transcript": false,
        "has_thumbnail": true,
        "extraction_date": "2025-07-09T06:52:38.064257",
        "files_created": {
          "metadata": "storage\\SPACE & ZONES in Aut\\LiqIRHXvReI_metadata.json",
          "transcript": null,
          "text": null,
          "thumbnail": "storage\\SPACE & ZONES in Aut\\LiqIRHXvReI_thumbnail.jpg"
        }
      }
    },
    {
      "success": true,
      "video_id": "b_x77UL4gRo",
      "folder_name": "ROOF PLAN in AutoCAD",
      "folder_path": "storage\\ROOF PLAN in AutoCAD",
      "summary": {
        "video_id": "b_x77UL4gRo",
        "folder_name": "ROOF PLAN in AutoCAD",
        "title": "ROOF PLAN in AutoCAD Architecture 2023",
        "duration": 1218,
        "has_transcript": false,
        "has_thumbnail": true,
        "extraction_date": "2025-07-09T06:52:44.306309",
        "files_created": {
          "metadata": "storage\\ROOF PLAN in AutoCAD\\b_x77UL4gRo_metadata.json",
          "transcript": null,
          "text": null,
          "thumbnail": "storage\\ROOF PLAN in AutoCAD\\b_x77UL4gRo_thumbnail.jpg"
        }
      }
    },
    {
      "success": true,
      "video_id": "4T1PptqTRPI",
      "folder_name": "FIXTURES & FURNITURE",
      "folder_path": "storage\\FIXTURES & FURNITURE",
      "summary": {
        "video_id": "4T1PptqTRPI",
        "folder_name": "FIXTURES & FURNITURE",
        "title": "FIXTURES & FURNITURE in AutoCAD Architecture 2023",
        "duration": 1376,
        "has_transcript": false,
        "has_thumbnail": true,
        "extraction_date": "2025-07-09T06:52:50.487290",
        "files_created": {
          "metadata": "storage\\FIXTURES & FURNITURE\\4T1PptqTRPI_metadata.json",
          "transcript": null,
          "text": null,
          "thumbnail": "storage\\FIXTURES & FURNITURE\\4T1PptqTRPI_thumbnail.jpg"
        }
      }
    },
    {
      "success": true,
      "video_id": "I_c5oqCJNN8",
      "folder_name": "SITE PLAN in AutoCAD",
      "folder_path": "storage\\SITE PLAN in AutoCAD",
      "summary": {
        "video_id": "I_c5oqCJNN8",
        "folder_name": "SITE PLAN in AutoCAD",
        "title": "SITE PLAN in AutoCAD Architecture 2023",
        "duration": 1756,
        "has_transcript": false,
        "has_thumbnail": true,
        "extraction_date": "2025-07-09T06:52:56.086804",
        "files_created": {
          "metadata": "storage\\SITE PLAN in AutoCAD\\I_c5oqCJNN8_metadata.json",
          "transcript": null,
          "text": null,
          "thumbnail": "storage\\SITE PLAN in AutoCAD\\I_c5oqCJNN8_thumbnail.jpg"
        }
      }
    },
    {
      "success": true,
      "video_id": "ECDBBHrp7tE",
      "folder_name": "CREATING VIEWS (Part",
      "folder_path": "storage\\CREATING VIEWS (Part",
      "summary": {
        "video_id": "ECDBBHrp7tE",
        "folder_name": "CREATING VIEWS (Part",
        "title": "CREATING VIEWS (Part1) in AutoCAD Architecture 2023",
        "duration": 1542,
        "has_transcript": false,
        "has_thumbnail": true,
        "extraction_date": "2025-07-09T06:53:01.978864",
        "files_created": {
          "metadata": "storage\\CREATING VIEWS (Part\\ECDBBHrp7tE_metadata.json",
          "transcript": null,
          "text": null,
          "thumbnail": "storage\\CREATING VIEWS (Part\\ECDBBHrp7tE_thumbnail.jpg"
        }
      }
    },
    {
      "success": true,
      "video_id": "hmlNdZqI8_Q",
      "folder_name": "ADDING COLUMNS in Au",
      "folder_path": "storage\\ADDING COLUMNS in Au",
      "summary": {
        "video_id": "hmlNdZqI8_Q",
        "folder_name": "ADDING COLUMNS in Au",
        "title": "ADDING COLUMNS in AutoCAD Architecture 2023",
        "duration": 1083,
        "has_transcript": false,
        "has_thumbnail": true,
        "extraction_date": "2025-07-09T06:53:08.278804",
        "files_created": {
          "metadata": "storage\\ADDING COLUMNS in Au\\hmlNdZqI8_Q_metadata.json",
          "transcript": null,
          "text": null,
          "thumbnail": "storage\\ADDING COLUMNS in Au\\hmlNdZqI8_Q_thumbnail.jpg"
        }
      }
    },
    {
      "success": true,
      "video_id": "RZqD-EWsTBg",
      "folder_name": "DRAINAGE LAYOUT PLAN",
      "folder_path": "storage\\DRAINAGE LAYOUT PLAN",
      "summary": {
        "video_id": "RZqD-EWsTBg",
        "folder_name": "DRAINAGE LAYOUT PLAN",
        "title": "DRAINAGE LAYOUT PLAN in AutoCAD Architecture 2023",
        "duration": 1441,
        "has_transcript": false,
        "has_thumbnail": true,
        "extraction_date": "2025-07-09T06:53:14.245990",
        "files_created": {
          "metadata": "storage\\DRAINAGE LAYOUT PLAN\\RZqD-EWsTBg_metadata.json",
          "transcript": null,
          "text": null,
          "thumbnail": "storage\\DRAINAGE LAYOUT PLAN\\RZqD-EWsTBg_thumbnail.jpg"
        }
      }
    },
    {
      "success": true,
      "video_id": "VAn2-hG00XU",
      "folder_name": "ELECTRICAL PLAN (Ele",
      "folder_path": "storage\\ELECTRICAL PLAN (Ele",
      "summary": {
        "video_id": "VAn2-hG00XU",
        "folder_name": "ELECTRICAL PLAN (Ele",
        "title": "ELECTRICAL PLAN (Electrical Wiring) in AutoCAD Architecture 2023",
        "duration": 1549,
        "has_transcript": false,
        "has_thumbnail": true,
        "extraction_date": "2025-07-09T06:53:20.295912",
        "files_created": {
          "metadata": "storage\\ELECTRICAL PLAN (Ele\\VAn2-hG00XU_metadata.json",
          "transcript": null,
          "text": null,
          "thumbnail": "storage\\ELECTRICAL PLAN (Ele\\VAn2-hG00XU_thumbnail.jpg"
        }
      }
    },
    {
      "success": true,
      "video_id": "rA8VpPCw9rg",
      "folder_name": "CREATING VIEWS (Part_v2",
      "folder_path": "storage\\CREATING VIEWS (Part_v2",
      "summary": {
        "video_id": "rA8VpPCw9rg",
        "folder_name": "CREATING VIEWS (Part_v2",
        "title": "CREATING VIEWS (Part 2) in AutoCAD Architecture 2023",
        "duration": 1134,
        "has_transcript": false,
        "has_thumbnail": true,
        "extraction_date": "2025-07-09T06:53:26.444457",
        "files_created": {
          "metadata": "storage\\CREATING VIEWS (Part_v2\\rA8VpPCw9rg_metadata.json",
          "transcript": null,
          "text": null,
          "thumbnail": "storage\\CREATING VIEWS (Part_v2\\rA8VpPCw9rg_thumbnail.jpg"
        }
      }
    },
    {
      "success": true,
      "video_id": "iCYWKiN9tys",
      "folder_name": "DETAILING Part 1 (Fl",
      "folder_path": "storage\\DETAILING Part 1 (Fl",
      "summary": {
        "video_id": "iCYWKiN9tys",
        "folder_name": "DETAILING Part 1 (Fl",
        "title": "DETAILING Part 1 (Floor & Foundation Plan) in AutoCAD Architecture 2023",
        "duration": 1617,
        "has_transcript": false,
        "has_thumbnail": true,
        "extraction_date": "2025-07-09T06:53:32.356007",
        "files_created": {
          "metadata": "storage\\DETAILING Part 1 (Fl\\iCYWKiN9tys_metadata.json",
          "transcript": null,
          "text": null,
          "thumbnail": "storage\\DETAILING Part 1 (Fl\\iCYWKiN9tys_thumbnail.jpg"
        }
      }
    },
    {
      "success": true,
      "video_id": "SIRojqrpmYs",
      "folder_name": "DETAILING Part 2 (El",
      "folder_path": "storage\\DETAILING Part 2 (El",
      "summary": {
        "video_id": "SIRojqrpmYs",
        "folder_name": "DETAILING Part 2 (El",
        "title": "DETAILING Part 2 (Electrical & Drainage Plan) in AutoCAD Architecture 2023",
        "duration": 1166,
        "has_transcript": false,
        "has_thumbnail": true,
        "extraction_date": "2025-07-09T06:53:38.500889",
        "files_created": {
          "metadata": "storage\\DETAILING Part 2 (El\\SIRojqrpmYs_metadata.json",
          "transcript": null,
          "text": null,
          "thumbnail": "storage\\DETAILING Part 2 (El\\SIRojqrpmYs_thumbnail.jpg"
        }
      }
    },
    {
      "success": true,
      "video_id": "ptkLzhg-l4Y",
      "folder_name": "DETAILING Part 3 (Ro",
      "folder_path": "storage\\DETAILING Part 3 (Ro",
      "summary": {
        "video_id": "ptkLzhg-l4Y",
        "folder_name": "DETAILING Part 3 (Ro",
        "title": "DETAILING Part 3 (Roof Framing Plan) in AutoCAD Architecture 2023",
        "duration": 1780,
        "has_transcript": false,
        "has_thumbnail": true,
        "extraction_date": "2025-07-09T06:53:44.573836",
        "files_created": {
          "metadata": "storage\\DETAILING Part 3 (Ro\\ptkLzhg-l4Y_metadata.json",
          "transcript": null,
          "text": null,
          "thumbnail": "storage\\DETAILING Part 3 (Ro\\ptkLzhg-l4Y_thumbnail.jpg"
        }
      }
    },
    {
      "success": true,
      "video_id": "5s4xBLrTi7U",
      "folder_name": "DETAILING Part 4 - (",
      "folder_path": "storage\\DETAILING Part 4 - (",
      "summary": {
        "video_id": "5s4xBLrTi7U",
        "folder_name": "DETAILING Part 4 - (",
        "title": "DETAILING Part 4 - (Site Plan) in AutoCAD Architecture 2023",
        "duration": 1145,
        "has_transcript": false,
        "has_thumbnail": true,
        "extraction_date": "2025-07-09T06:53:50.220242",
        "files_created": {
          "metadata": "storage\\DETAILING Part 4 - (\\5s4xBLrTi7U_metadata.json",
          "transcript": null,
          "text": null,
          "thumbnail": "storage\\DETAILING Part 4 - (\\5s4xBLrTi7U_thumbnail.jpg"
        }
      }
    },
    {
      "success": true,
      "video_id": "De75ZDWlVvM",
      "folder_name": "DETAILING Part 5 - (",
      "folder_path": "storage\\DETAILING Part 5 - (",
      "summary": {
        "video_id": "De75ZDWlVvM",
        "folder_name": "DETAILING Part 5 - (",
        "title": "DETAILING Part 5 - (Elevation Views) in AutoCAD Architecture 2023",
        "duration": 1600,
        "has_transcript": false,
        "has_thumbnail": true,
        "extraction_date": "2025-07-09T06:53:56.472979",
        "files_created": {
          "metadata": "storage\\DETAILING Part 5 - (\\De75ZDWlVvM_metadata.json",
          "transcript": null,
          "text": null,
          "thumbnail": "storage\\DETAILING Part 5 - (\\De75ZDWlVvM_thumbnail.jpg"
        }
      }
    },
    {
      "success": true,
      "video_id": "qeMM5_WIIuU",
      "folder_name": "DETAILING Part 6 - (",
      "folder_path": "storage\\DETAILING Part 6 - (",
      "summary": {
        "video_id": "qeMM5_WIIuU",
        "folder_name": "DETAILING Part 6 - (",
        "title": "DETAILING Part 6 - (Section Elevation) in AutoCAD Architecture 2023",
        "duration": 1060,
        "has_transcript": false,
        "has_thumbnail": true,
        "extraction_date": "2025-07-09T06:54:02.558260",
        "files_created": {
          "metadata": "storage\\DETAILING Part 6 - (\\qeMM5_WIIuU_metadata.json",
          "transcript": null,
          "text": null,
          "thumbnail": "storage\\DETAILING Part 6 - (\\qeMM5_WIIuU_thumbnail.jpg"
        }
      }
    },
    {
      "success": true,
      "video_id": "zxixHN87-38",
      "folder_name": "DETAILING Part 7 - (",
      "folder_path": "storage\\DETAILING Part 7 - (",
      "summary": {
        "video_id": "zxixHN87-38",
        "folder_name": "DETAILING Part 7 - (",
        "title": "DETAILING Part 7 - (Detail Drawings) in AutoCAD Architecture 2023",
        "duration": 1662,
        "has_transcript": false,
        "has_thumbnail": true,
        "extraction_date": "2025-07-09T06:54:08.558704",
        "files_created": {
          "metadata": "storage\\DETAILING Part 7 - (\\zxixHN87-38_metadata.json",
          "transcript": null,
          "text": null,
          "thumbnail": "storage\\DETAILING Part 7 - (\\zxixHN87-38_thumbnail.jpg"
        }
      }
    },
    {
      "success": true,
      "video_id": "mY5yz8nsvIk",
      "folder_name": "DETAILING Part 8 - (",
      "folder_path": "storage\\DETAILING Part 8 - (",
      "summary": {
        "video_id": "mY5yz8nsvIk",
        "folder_name": "DETAILING Part 8 - (",
        "title": "DETAILING Part 8 - (Page Setup and Printing) in AutoCAD Architecture 2023",
        "duration": 2375,
        "has_transcript": false,
        "has_thumbnail": true,
        "extraction_date": "2025-07-09T06:54:15.501809",
        "files_created": {
          "metadata": "storage\\DETAILING Part 8 - (\\mY5yz8nsvIk_metadata.json",
          "transcript": null,
          "text": null,
          "thumbnail": "storage\\DETAILING Part 8 - (\\mY5yz8nsvIk_thumbnail.jpg"
        }
      }
    }
  ]
}