{
  "video_id": "mY5yz8nsvIk",
  "folder_name": "DETAILING Part 8 - (",
  "title": "DETAILING Part 8 - (Page Setup and Printing) in AutoCAD Architecture 2023",
  "duration": 2375,
  "has_transcript": false,
  "has_thumbnail": true,
  "extraction_date": "2025-07-09T06:54:15.501809",
  "files_created": {
    "metadata": "storage\\DETAILING Part 8 - (\\mY5yz8nsvIk_metadata.json",
    "transcript": null,
    "text": null,
    "thumbnail": "storage\\DETAILING Part 8 - (\\mY5yz8nsvIk_thumbnail.jpg"
  }
}