{
  "video_id": "pGNYjITG1-s",
  "title": "DOORS & OPENINGS in AutoCAD Architecture 2023",
  "description": "🎓3D Modeling With AutoCAD Architecture course: \nhttps://learn.tdvisionuniversity.com/courses/3d-autocad-architecture-beginners-intermediate-course\n🎓Views, Annotations and Sheets with AutoCAD Architecture course: https://learn.tdvisionuniversity.com/courses/views-annotations-with-autocad-architecture\n\n---\n\nThis is episode 05 of the One Bedroom House series, showing you how to draw a small house \"From Start To Finish\". My hope is that you will learn the fundamentals so that you can apply them to your own projects.\n\nIn this video, I will be showing how correctly place doors and openings in your project. I hope that you learn something from today's video.\n\nThank you all for watching and sharing. \nGive it a like, and subscribe! Oh...drop a camment too!\n\nTIMELINE CONTENT\n0:00 - Intro\n1:01 - AutoCAD Tutorial\n17:34 - The End\n\n---\n\n***RESOURCES***\n\n⭐ How to: Manage Layers\nhttps://youtu.be/fXeyrltHi38\n\n⭐ Home Stratosphare: \nhttps://www.homestratosphere.com/types-of-windows/\n\n⭐See full playlist here\nhttps://youtube.com/playlist?list=PLyLLcCaRflgCTuP493CZuUOFdMdh-a_jc\n\n⭐Download PDFs: One Bedroom House\nhttps://tdvisionuniversity.com/store/p/all-pdf-from-one-bedroom-house-series\n\n⭐ Join this channel to get access to perks:\nhttps://www.youtube.com/channel/UC4Pjm4B8uD6XQJhvkPu6ETA/join\n\n⭐ Or join my Patreon Page:\nhttps://www.patreon.com/tdvision\n\n---\n\n#OneBedroomHouse #AutoCAD #Architecture \n\n---\n\nGEARS I USE:\nhttps://kit.co/TDVisionU\n\nFOLLOW ME ON SOCIAL MEDIA:\nhttps://linktr.ee/tdvisionu\n\nCREDITS:\nMusic: Youtube Audio Library (free audio)",
  "uploader": "TD Vision U",
  "upload_date": "20200409",
  "duration": 1076,
  "view_count": 43947,
  "like_count": 835,
  "thumbnail": "https://i.ytimg.com/vi/pGNYjITG1-s/maxresdefault.jpg",
  "url": "https://www.youtube.com/watch?v=pGNYjITG1-s",
  "extraction_date": "2025-07-09T06:52:20.013268"
}