{
  "video_id": "G4e5qWRGt_w",
  "title": "4 BEDROOM HOSUE in AutoCAD Architecture 2023(Timelapse) - Part 2",
  "description": "🎓3D Modeling With AutoCAD Architecture course: \nhttps://learn.tdvisionuniversity.com/courses/3d-autocad-architecture-beginners-intermediate-course\n🎓Views, Annotations and Sheets with AutoCAD Architecture course: https://learn.tdvisionuniversity.com/courses/views-annotations-with-autocad-architecture\n\n---\n\nI hope you enjoy this time-lapse video! \n\nThank you all for watching and sharing. \nGive it a like, and subscribe! Oh...drop a camment too!\n\nGod bless you all!\n\nCheck out part 1 of this timelapse if you missed it:\nhttps://youtu.be/T7nO95Hs2fE`\n\n***Things covered in this video***\nColumn pad footing foundation, column and beams, adding materials to components, floor slab, kitchen fixture cabinet and counter layout, bathroom fixture layout, Autodesk design reviewer, and window mullions.\n\n---\n\n***RESOURCES***\n\n⬇️ Download the complete AutoCAD project files:\nhttps://tdvisionuniversity.com/store/p/4-bedroom-house-project-files\n\n⭐ Download the DWFX for this house from the link below:\nhttps://tdvisionuniversity.com/store/p/4-bedroom-house-dwfx-file\n\n⭐ Join this channel to get access to perks:\nhttps://www.youtube.com/channel/UC4Pjm4B8uD6XQJhvkPu6ETA/join\n\n⭐ Or join my Patreon Page:\nhttps://www.patreon.com/tdvision\n\n---\n\n#4BedroomHouse #AutoCAD #Architecture #Jamaica\n\n--\n\nGEARS I USE:\nhttps://kit.co/TDVisionU\n\nFOLLOW ME ON SOCIAL MEDIA:\nhttps://linktr.ee/tdvisionu\n\nCREDITS:\nMusic: Youtube Audio Library (free audio)",
  "uploader": "TD Vision U",
  "upload_date": "20201128",
  "duration": 1128,
  "view_count": 7221,
  "like_count": 117,
  "comment_count": 22,
  "thumbnail": "https://i.ytimg.com/vi/G4e5qWRGt_w/maxresdefault.jpg",
  "url": "https://www.youtube.com/watch?v=G4e5qWRGt_w",
  "extraction_date": "2025-07-11T12:04:02.233268",
  "extractor_version": "3.0.0",
  "proxy_used": null
}