{
  "video_id": "SIRojqrpmYs",
  "folder_name": "DETAILING Part 2 (El",
  "title": "DETAILING Part 2 (Electrical & Drainage Plan) in AutoCAD Architecture 2023",
  "duration": 1166,
  "has_transcript": false,
  "has_thumbnail": true,
  "extraction_date": "2025-07-09T06:53:38.500889",
  "files_created": {
    "metadata": "storage\\DETAILING Part 2 (El\\SIRojqrpmYs_metadata.json",
    "transcript": null,
    "text": null,
    "thumbnail": "storage\\DETAILING Part 2 (El\\SIRojqrpmYs_thumbnail.jpg"
  }
}