{
  "video_id": "SIRojqrpmYs",
  "title": "DETAILING Part 2 (Electrical & Drainage Plan) in AutoCAD Architecture 2023",
  "description": "🎓3D Modeling With AutoCAD Architecture course: \nhttps://learn.tdvisionuniversity.com/courses/3d-autocad-architecture-beginners-intermediate-course\n🎓Views, Annotations and Sheets with AutoCAD Architecture course: https://learn.tdvisionuniversity.com/courses/views-annotations-with-autocad-architecture\n\n---\n\nThis is episode 18 of our One Bedroom House series. Today you'll see how I go about adding annotations, tags, leaders and notes to a simple floor plan and drainage and electrical plan in AutoCAD Architecture 2020/2021.\n\nI hope that you learn a thing or 3. Do me a favour - do one of the below...\n\nSubscribe / Share / Comment / Like\n\nTIMELINE CONTENT\n0:00 - Intro\n0:48 - DETAILING a Drainage Plan\n10:44 - DETAILING an Electrical Plan\n18:31 - The End\n\n---\n\n***RESOURCES***\n\n⭐ See full playlist here (All Episodes)\nhttps://youtube.com/playlist?list=PLyLLcCaRflgCTuP493CZuUOFdMdh-a_jc\n\n⭐ PDFs: Electrical Symbol Legend\nhttps://tdvisionuniversity.com/store/p/one-bedroom-series-electrical-legend-pdf-and-dwg\n\n⭐ Join this channel to get access to perks:\nhttps://www.youtube.com/channel/UC4Pjm4B8uD6XQJhvkPu6ETA/join\n\n⭐ Or join my Patreon Page:\nhttps://www.patreon.com/tdvision\n\n---\n\n#OneBedroomHouse #AutoCAD #Architecture \n\n---\n\nGEARS I USE:\nhttps://kit.co/TDVisionU\n\nFOLLOW ME ON SOCIAL MEDIA:\nhttps://linktr.ee/tdvisionu\n\nCREDITS:\nMusic: Youtube Audio Library (free audio)",
  "uploader": "TD Vision U",
  "upload_date": "20201226",
  "duration": 1166,
  "view_count": 15274,
  "like_count": 298,
  "thumbnail": "https://i.ytimg.com/vi/SIRojqrpmYs/maxresdefault.jpg",
  "url": "https://www.youtube.com/watch?v=SIRojqrpmYs",
  "extraction_date": "2025-07-09T06:53:38.325227"
}