{
  "video_id": "De75ZDWlVvM",
  "title": "DETAILING Part 5 - (Elevation Views) in AutoCAD Architecture 2023",
  "description": "🎓3D Modeling With AutoCAD Architecture course: \nhttps://learn.tdvisionuniversity.com/courses/3d-autocad-architecture-beginners-intermediate-course\n🎓Views, Annotations and Sheets with AutoCAD Architecture course: https://learn.tdvisionuniversity.com/courses/views-annotations-with-autocad-architecture\n\n---\n\nThis is episode 21 of the one bedroom series (see link below for all episodes). In this video, I going through the steps on how to modify and property detail an elevation view, in AutoCAD Architecture 2020 or 2021.\n\nI hope that you learn a thing or 3. Do me a favour - do one of the below...\n\nSubscribe / Share / Comment / Like\n\nTIMELINE CONTENT\n0:00 - Intro\n1:14 - Elevation View (Modification)\n17:40 - Detailing an Elevation View\n24:47 - Bonus Tip (Hidden Lines in Elevation View)\n25:36 - The End\n\n---\n\n***RESOURCES***\n\n⭐ See full playlist here (All Episodes)\nhttps://youtube.com/playlist?list=PLyLLcCaRflgCTuP493CZuUOFdMdh-a_jc\n\n⭐Download PDFs: One Bedroom House\nhttps://tdvisionuniversity.com/store/p/all-pdf-from-one-bedroom-house-series\n\n⭐ Join this channel to get access to perks:\nhttps://www.youtube.com/channel/UC4Pjm4B8uD6XQJhvkPu6ETA/join\n\n⭐ Or join my Patreon Page:\nhttps://www.patreon.com/tdvision\n\n---\n\n#Jamaica #OneBedroomHouse #AutoCAD #Architecture \n\n---\n\nGEARS I USE:\nhttps://kit.co/TDVisionU\n\nFOLLOW ME ON SOCIAL MEDIA:\nhttps://linktr.ee/tdvisionu\n\nCREDITS:\nMusic: Youtube Audio Library (free audio)",
  "uploader": "TD Vision U",
  "upload_date": "20210301",
  "duration": 1600,
  "view_count": 19817,
  "like_count": 394,
  "thumbnail": "https://i.ytimg.com/vi_webp/De75ZDWlVvM/maxresdefault.webp",
  "url": "https://www.youtube.com/watch?v=De75ZDWlVvM",
  "extraction_date": "2025-07-09T06:53:56.332205"
}