{
  "video_id": "De75ZDWlVvM",
  "folder_name": "DETAILING Part 5 - (",
  "title": "DETAILING Part 5 - (Elevation Views) in AutoCAD Architecture 2023",
  "duration": 1600,
  "has_transcript": false,
  "has_thumbnail": true,
  "extraction_date": "2025-07-09T06:53:56.472979",
  "files_created": {
    "metadata": "storage\\DETAILING Part 5 - (\\De75ZDWlVvM_metadata.json",
    "transcript": null,
    "text": null,
    "thumbnail": "storage\\DETAILING Part 5 - (\\De75ZDWlVvM_thumbnail.jpg"
  }
}