{
  "video_id": "5s4xBLrTi7U",
  "folder_name": "DETAILING Part 4 - (",
  "title": "DETAILING Part 4 - (Site Plan) in AutoCAD Architecture 2023",
  "duration": 1145,
  "has_transcript": false,
  "has_thumbnail": true,
  "extraction_date": "2025-07-09T06:53:50.220242",
  "files_created": {
    "metadata": "storage\\DETAILING Part 4 - (\\5s4xBLrTi7U_metadata.json",
    "transcript": null,
    "text": null,
    "thumbnail": "storage\\DETAILING Part 4 - (\\5s4xBLrTi7U_thumbnail.jpg"
  }
}