{
  "video_id": "f1jFFxBPjDY",
  "title": "5 THINGS TO KNOW! Before You Start a New Drawing",
  "description": "🚨ALERT🚨 Architectural Drafting Course | for Beginners from zero-hero | partnering with CourseCareer \nhttps://coursecareers.com/a/TDVisionU?course=construction-drafting\n🎓3D Modeling With AutoCAD Architecture course: \nhttps://learn.tdvisionuniversity.com/courses/3d-autocad-architecture-beginners-intermediate-course\n🎓Views, Annotations and Sheets with AutoCAD Architecture course: https://learn.tdvisionuniversity.com/courses/views-annotations-with-autocad-architecture\n\n---\n\nThis is the start of a series of videos that I intend to do, showing you how to draw a small house \"From Start To Finish\". My hope is that you will learn the fundamentals so that you can apply them to your own projects.\n\nIn this first video, I will explain the basic pointers that you must take into consideration before starting a new design. Everything that is said in this video are based on my own experience, having done drawings for numerous clients, in Jamaica.\n\nThank you all for watching and sharing. \nGive it a like, and subscribe!\n\n---\n\n***RESOURSES***\n\n⭐See full playlist here\nhttps://youtube.com/playlist?list=PLyLLcCaRflgCTuP493CZuUOFdMdh-a_jc\n\n⭐Download PDFs: One Bedroom House\nhttps://tdvisionuniversity.com/store/p/all-pdf-from-one-bedroom-house-series\n\n⭐ Join this channel to get access to perks:\nhttps://www.youtube.com/channel/UC4Pjm4B8uD6XQJhvkPu6ETA/join\n\n⭐ Or join my Patreon Page:\nhttps://www.patreon.com/tdvision\n\n---\n\n#Jamaica #OneBedroomHouse #AutoCAD #Architecture \n\n---\n\nGEARS I USE:\nhttps://kit.co/TDVisionU\n\nFOLLOW ME ON SOCIAL MEDIA:\nhttps://linktr.ee/tdvisionu\n\nCREDITS:\nMusic: Youtube Audio Library (free audio)\nB-roll video clips: https://www.pexels.com/ (free video clips)\nGoogle Earth: (for sections of the video with the map of Jamaica)",
  "uploader": "TD Vision U",
  "upload_date": "20200112",
  "duration": 612,
  "view_count": 120033,
  "like_count": 1762,
  "comment_count": 64,
  "thumbnail": "https://i.ytimg.com/vi/f1jFFxBPjDY/maxresdefault.jpg",
  "url": "https://www.youtube.com/watch?v=f1jFFxBPjDY",
  "extraction_date": "2025-07-11T12:37:17.394673",
  "extractor_version": "3.0.0",
  "proxy_used": null
}