{
  "video_id": "kAyfNOsc83Y",
  "title": "PROJECT SETUP in AutoCAD Architecture 2023",
  "description": "🚨ALERT🚨 Architectural Drafting Course | for Beginners from zero-hero | partnering with CourseCareer \nhttps://coursecareers.com/a/TDVisionU?course=construction-drafting\n🎓3D Modeling With AutoCAD Architecture course: \nhttps://learn.tdvisionuniversity.com/courses/3d-autocad-architecture-beginners-intermediate-course\n🎓Views, Annotations and Sheets with AutoCAD Architecture course: https://learn.tdvisionuniversity.com/courses/views-annotations-with-autocad-architecture\n\n---\n\nThis is episode 02 of the One Bedroom House series, showing you how to draw a small house \"From Start To Finish\". My hope is that you will learn the fundamentals so that you can apply them to your own projects.\n\nIn this video, I will be showing you steps to take when starting a new project in AutoCAD Architecture. The principles demonstrated in this video can be used on any project that you're going to begin.\n\nThank you all for watching and sharing. \nGive it a like, and subscribe!\n\n---\n\n***RESOURSES***\n\n⭐See full playlist here\nhttps://youtube.com/playlist?list=PLyLLcCaRflgCTuP493CZuUOFdMdh-a_jc\n\n⭐Download PDFs: One Bedroom House\nhttps://tdvisionuniversity.com/store/p/all-pdf-from-one-bedroom-house-series\n\n⭐ Join this channel to get access to perks:\nhttps://www.youtube.com/channel/UC4Pjm4B8uD6XQJhvkPu6ETA/join\n\n⭐ Or join my Patreon Page:\nhttps://www.patreon.com/tdvision\n\n---\n\n#Jamaica #OneBedroomHouse #AutoCAD #Architecture \n\n---\n\nGEARS I USE:\nhttps://kit.co/TDVisionU\n\nFOLLOW ME ON SOCIAL MEDIA:\nhttps://linktr.ee/tdvisionu\n\nCREDITS:\nMusic: Youtube Audio Library (free audio)",
  "uploader": "TD Vision U",
  "upload_date": "20200229",
  "duration": 1301,
  "view_count": 148163,
  "like_count": 2279,
  "thumbnail": "https://i.ytimg.com/vi/kAyfNOsc83Y/maxresdefault.jpg",
  "url": "https://www.youtube.com/watch?v=kAyfNOsc83Y",
  "extraction_date": "2025-07-09T06:52:02.680651"
}